AS Rank,AS Number,AS Name,Organisation,NREN
110,20965,GEANT,GEANT Vereniging,GEANT
117,21320,GEANT_IAS_VRF,GEANT Vereniging,GEANT
59138,6906,GEANT-Apollo,SIA Tet,GEANT
67280,202012,AS-DANTE,GEANT Vereniging,GEANT
395,1853,ACOnet,ACONET,Austrian NREN
9867,1120,ACOnet_Services,ACONET,Austrian NREN
44587,35052,AS_AT_TLD_SERVICES,ACONET,Austrian NREN
67280,49856,Studenthostels-ASCUS,ACONET,Austrian NREN
67280,59409,Legaconetworks1,Legaco Networks B.V.,Austrian NREN
67280,1119,,ACOnet Testing AS,Austrian NREN
67280,1122,,ACONET-AS for TNC17,Austrian NREN
67280,41725,legaconetworks2,Legaco Networks B.V.,Austrian NREN
1833,2611,BELNET,BELNET,Belgian NREN
8977,35493,Belnet,"Belnet Snina, s.r.o.",Belgian NREN
20976,198338,BELNET-NG-AS,Neapol Group Ltd,Belgian NREN
23093,44800,BELNETUA-AS,BELNET LTD,Belgian NREN
32559,266410,,BELNET EIRELLI,Belgian NREN
45678,51448,ASURALCABELNETS,Uralskie Kabelnye Seti Ltd.,Belgian NREN
67280,5406,,BELNET,Belgian NREN
67280,198559,CERTBE,BELNET,Belgian NREN
1727,2852,CESNET2,CESNET z.s.p.o.,Czech NREN
67280,2605,CESNET,CESNET z.s.p.o.,Czech NREN
6489,2108,CARNet-AS,Croatian Academic and Research Network,Croatian NREN
1026,1103,SURFNET-NL,SURFnet bv,Dutch NREN
4834,1101,IP-EEND-AS,SURFnet bv,Dutch NREN
6752,1125,,SURFnet bv,Dutch NREN
10549,1128,TUDELFT-NL,SURFnet bv,Dutch NREN
11213,1161,AS-TUE,SURFnet bv,Dutch NREN
12078,1199,SPEELTUIN-AS,SURFnet bv,Dutch NREN
12078,1133,UTWENTE-AS,SURFnet bv,Dutch NREN
12948,1147,MCL-AS,SURFnet bv,Dutch NREN
20233,1145,Kennisnet-AS,SURFnet bv,Dutch NREN
28079,1142,WKAPNET,SURFnet bv,Dutch NREN
42724,1102,SMEERBOEL-AS,SURFnet bv,Dutch NREN
44607,1149,SURFNET-AS,SURFnet bv,Dutch NREN
59138,1146,OS3-AS,SURFnet bv,Dutch NREN
66935,1132,METEOGROUP-AS,SURFnet bv,Dutch NREN
67280,1127,,SURFnet bv,Dutch NREN
67280,1153,SURFNET-AS,SURFnet bv,Dutch NREN
67280,1192,SURFNET-AS,SURFnet bv,Dutch NREN
67280,1179,SURFNET-AS,SURFnet bv,Dutch NREN
67280,1106,SURFNET-AS,SURFnet bv,Dutch NREN
67280,1152,SIVON-AS,SURFnet bv,Dutch NREN
67280,1178,SURFNET-AS,SURFnet bv,Dutch NREN
67280,1174,SURFNET-AS,SURFnet bv,Dutch NREN
67280,1160,SURFNET-AS,SURFnet bv,Dutch NREN
67280,1141,TUE-Spacelabs,SURFnet bv,Dutch NREN
67280,1167,SURFNET-AS,SURFnet bv,Dutch NREN
67280,1189,SURFNET-AS,SURFnet bv,Dutch NREN
67280,1180,SURFNET-AS,SURFnet bv,Dutch NREN
67280,1154,SURFNET-AS,SURFnet bv,Dutch NREN
67280,1155,,SURFnet bv,Dutch NREN
67280,1162,SURFsara-AS,SURFnet bv,Dutch NREN
67280,1168,SURFNET-AS,SURFnet bv,Dutch NREN
67280,1176,SURFNET-AS,SURFnet bv,Dutch NREN
67280,1159,SURFNET-AS,SURFnet bv,Dutch NREN
67280,1177,SURFNET-AS,SURFnet bv,Dutch NREN
67280,1171,SURFNET-AS,SURFnet bv,Dutch NREN
67280,1151,SURFNET-AS,SURFnet bv,Dutch NREN
67280,1130,,SURFnet bv,Dutch NREN
67280,1169,SURFNET-AS,SURFnet bv,Dutch NREN
67280,1157,SURFNET-AS,SURFnet bv,Dutch NREN
67280,1184,SURFNET-AS,SURFnet bv,Dutch NREN
67280,1175,SURFNET-AS,SURFnet bv,Dutch NREN
67280,1131,SURFNET-AS,SURFnet bv,Dutch NREN
67280,1191,SURFNET-AS,SURFnet bv,Dutch NREN
67280,1186,SURFNET-AS,SURFnet bv,Dutch NREN
67280,1182,SURFNET-AS,SURFnet bv,Dutch NREN
67280,1139,,SURFnet bv,Dutch NREN
67280,1144,SURFNET-AS,SURFnet bv,Dutch NREN
67280,1181,SURFNET-AS,SURFnet bv,Dutch NREN
67280,1165,SURFNET-AS,SURFnet bv,Dutch NREN
67280,196613,SURFNET-NL,SURFnet bv,Dutch NREN
67280,1158,SURFNET-AS,SURFnet bv,Dutch NREN
67280,1170,SURFNET-AS,SURFnet bv,Dutch NREN
67280,1105,SURFNET-AS,SURFnet bv,Dutch NREN
67280,1190,,SURFnet bv,Dutch NREN
67280,1138,,SURFnet bv,Dutch NREN
67280,1195,SURFNET-AS,SURFnet bv,Dutch NREN
67280,1107,SURFNET-AS,SURFnet bv,Dutch NREN
67280,1196,SURFNET-AS,SURFnet bv,Dutch NREN
67280,1172,SURFNET-AS,SURFnet bv,Dutch NREN
67280,1164,SURFNET-AS,SURFnet bv,Dutch NREN
67280,1198,,SURFnet bv,Dutch NREN
67280,1143,notinuse-AS,SURFnet bv,Dutch NREN
67280,1185,SURFNET-AS,SURFnet bv,Dutch NREN
67280,1156,SURFNET-AS,SURFnet bv,Dutch NREN
67280,1108,SURFNET-AS,SURFnet bv,Dutch NREN
67280,1173,SURFNET-AS,SURFnet bv,Dutch NREN
67280,1183,SURFNET-AS,SURFnet bv,Dutch NREN
67280,1194,SURFNET-AS,SURFnet bv,Dutch NREN
67280,1187,SURFNET-AS,SURFnet bv,Dutch NREN
67280,1163,SURFNET-AS,SURFnet bv,Dutch NREN
67280,1188,SURFNET-AS,SURFnet bv,Dutch NREN
67280,1193,SURFNET-AS,SURFnet bv,Dutch NREN
67280,1129,SURFNET-AS,SURFnet bv,Dutch NREN
67280,1166,netSURF-AS,SURFnet bv,Dutch NREN
67280,1148,LOFAR-AS,SURFnet bv,Dutch NREN
67280,1150,SURFNET-AS,SURFnet bv,Dutch NREN
4117,3221,EENet-AS,Hariduse Infotehnoloogia Sihtasutus,Estonian NREN
604,2200,FR-RENATER,Renater,French NREN
4960,1723,FR-RENATER-R3LR6,Renater,French NREN
5040,2072,FR-RENATER-REVE,Renater,French NREN
6511,1945,FR-LyRES,Renater,French NREN
9920,781,FR-RENATER-LOTHAIRE,Renater,French NREN
10048,1936,FR-RENATER-PICARDIE,Renater,French NREN
10331,1715,FR-REMIP2000,Renater,French NREN
10361,1942,FR-TIGRE,Renater,French NREN
10758,2269,FR-U-PARISSUD-ORSAY,Renater,French NREN
10821,2426,FR-RENATER-RUBIS,Renater,French NREN
10821,1307,,Renater,French NREN
11260,2259,FR-U-STRASBOURG,Renater,French NREN
11369,2202,FR-RENATER-REAUMUR,Renater,French NREN
11394,1303,FR-IDRIS-ORSAY,Renater,French NREN
11477,789,IN2P3,Renater,French NREN
11568,1935,FR-RENATER-LIMOUSIN,Renater,French NREN
11568,2450,,Renater,French NREN
11779,2065,FR-RENATER-HDMON,Renater,French NREN
11779,1725,FR-NOROPALE,Renater,French NREN
11783,2103,FR-IFREMER-BREST,Renater,French NREN
11783,2094,FR-TELECOM-MANAGEMENT-SUDPARIS,Renater,French NREN
12078,2418,FR-ASNBLOCK2,Renater,French NREN
12078,1712,FR-RENATER-ENST,Renater,French NREN
12078,2060,FR-RENATER,Renater,French NREN
12078,776,FR-INRIA-SOPHIA,Renater,French NREN
12078,1938,FR-RENATER-IRISA,Renater,French NREN
12078,2439,FR-REMUS,Renater,French NREN
17826,2471,FR-DOM-GUADELOUPE,Renater,French NREN
17985,2470,FR-LAREUNION,Renater,French NREN
22266,2199,FR-DOM-MARTINIQUE,Renater,French NREN
23276,2472,FR-DOM-GUYANE,Renater,French NREN
23619,2187,FR-SYVIK,Renater,French NREN
36319,2088,FR-RENATER-MAYOTTE,Renater,French NREN
36319,2198,FR-TOM-NOUVELLE-CALEDONIE,Renater,French NREN
36319,775,FR-INRIA-ROCQ,Renater,French NREN
42724,2263,FR-RENATER-TELECOM-RENNES,Renater,French NREN
48821,2445,FR-JTM-93,Renater,French NREN
48821,2089,FR-MAN-CAEN,Renater,French NREN
59138,1709,,Renater,French NREN
59138,2462,FR-U-ANGERS,Renater,French NREN
66935,2457,FR-RAIMU-2,Renater,French NREN
66935,1724,FR-AMPLIVIA,Renater,French NREN
67280,2436,FR-ASNBLOCK2,Renater,French NREN
67280,1949,,Renater,French NREN
67280,2254,FR-ASNBLOCK,Renater,French NREN
67280,2063,RENATER_ASNBLOCK1,Renater,French NREN
67280,3256,,Renater,French NREN
67280,2412,FR-ASNBLOCK2,Renater,French NREN
67280,2437,FR-ASNBLOCK2,Renater,French NREN
67280,1720,FR-RENATER,Renater,French NREN
67280,2096,RENATER_ASNBLOCK1,Renater,French NREN
67280,2230,FR-ASNBLOCK,Renater,French NREN
67280,2251,FR-ASNBLOCK,Renater,French NREN
67280,2448,FR-ASNBLOCK2,Renater,French NREN
67280,2229,FR-ASNBLOCK,Renater,French NREN
67280,2062,FR-CEA-RENATER,Renater,French NREN
67280,2444,FR-ASNBLOCK2,Renater,French NREN
67280,2466,FR-ASNBLOCK2,Renater,French NREN
67280,1950,,Renater,French NREN
67280,1708,,Renater,French NREN
67280,2455,FR-ASNBLOCK2,Renater,French NREN
67280,2174,FR-ASNBLOCK,Renater,French NREN
67280,2478,FR-RENATER-R3T2-SOPHIA,Renater,French NREN
67280,2248,FR-ASNBLOCK,Renater,French NREN
67280,2076,RENATER_ASNBLOCK1,Renater,French NREN
67280,2403,FR-ASNBLOCK2,Renater,French NREN
67280,2446,FR-ASNBLOCK2,Renater,French NREN
67280,2468,FR-ASNBLOCK2,Renater,French NREN
67280,2226,FR-ASNBLOCK,Renater,French NREN
67280,2087,RENATER_ASNBLOCK1,Renater,French NREN
67280,2234,FR-ASNBLOCK,Renater,French NREN
67280,2245,FR-ASNBLOCK,Renater,French NREN
67280,2085,FR-RENATER-ASN-BLOCK,Renater,French NREN
67280,1952,,Renater,French NREN
67280,1306,FRANCE-ASNBLOCK-AS,Renater,French NREN
67280,2188,FR-RENATER,Renater,French NREN
67280,2237,FR-U-REAUMUR-BORDEAUX,Renater,French NREN
67280,2250,FR-ASNBLOCK,Renater,French NREN
67280,2433,FR-ASNBLOCK2,Renater,French NREN
67280,2179,FR-ASNBLOCK,Renater,French NREN
67280,1947,,Renater,French NREN
67280,2393,FR-ASNBLOCK2,Renater,French NREN
67280,2473,FR-CETP,Renater,French NREN
67280,2204,FR-ASNBLOCK,Renater,French NREN
67280,1722,FR-RENATER,Renater,French NREN
67280,2207,FR-ASNBLOCK,Renater,French NREN
67280,2098,RENATER_ASNBLOCK1,Renater,French NREN
67280,2266,FR-ASNBLOCK,Renater,French NREN
67280,2394,FR-ASNBLOCK2,Renater,French NREN
67280,1309,FR-RENATER,Renater,French NREN
67280,2184,FR-ASNBLOCK,Renater,French NREN
67280,2178,FR-ASNBLOCK,Renater,French NREN
67280,2223,FR-INRETS-ARCUEIL,Renater,French NREN
67280,2233,FR-RENATER-POUTOUCHAR,Renater,French NREN
67280,2210,FR-ASNBLOCK,Renater,French NREN
67280,2402,FR-ASNBLOCK2,Renater,French NREN
67280,2064,RENATER_ASNBLOCK1,Renater,French NREN
67280,1235,FR-U-1-CRI-RENNES,Renater,French NREN
67280,2401,FR-ASNBLOCK2,Renater,French NREN
67280,1308,FRANCE-ASNBLOCK-AS,Renater,French NREN
67280,2240,FR-ASNBLOCK,Renater,French NREN
67280,2460,FR-ASNBLOCK2,Renater,French NREN
67280,2192,FR-ANSBLOCK,Renater,French NREN
67280,2417,FR-ASNBLOCK2,Renater,French NREN
67280,1953,RENATER-ASNBLOCK,Renater,French NREN
67280,2066,FR-RENATER,Renater,French NREN
67280,2069,RENATER_ASNBLOCK1,Renater,French NREN
67280,2216,FR-ASNBLOCK,Renater,French NREN
67280,2195,FR-ASNBLOCK,Renater,French NREN
67280,2252,FR-ASNBLOCK,Renater,French NREN
67280,2398,FR-ASNBLOCK2,Renater,French NREN
67280,2217,FR-ASNBLOCK,Renater,French NREN
67280,2424,FR-ASNBLOCK2,Renater,French NREN
67280,2246,FR-ASNBLOCK,Renater,French NREN
67280,2075,RENATER_ASNBLOCK1,Renater,French NREN
67280,2193,FR-RENATER-SRHD-2,Renater,French NREN
67280,2238,FR-ASNBLOCK,Renater,French NREN
67280,2425,FR-ASNBLOCK2,Renater,French NREN
67280,2423,FR-ASNBLOCK2,Renater,French NREN
67280,2442,FR-ASNBLOCK2,Renater,French NREN
67280,1940,FR-RENATER-R3LR,Renater,French NREN
67280,1710,,Renater,French NREN
67280,2057,RENATER_ASNBLOCK1,Renater,French NREN
67280,669,OFRIR-IP-INTERNET-AS,Renater,French NREN
67280,2479,FR-UNIVLM,Renater,French NREN
67280,2404,FR-ASNBLOCK2,Renater,French NREN
67280,2456,FR-ASNBLOCK2,Renater,French NREN
67280,1951,,Renater,French NREN
67280,1726,FR-RENATER-TELEMUS3A,Renater,French NREN
67280,2389,FR-ASNBLOCK2,Renater,French NREN
67280,1300,FR-RENATER-R3T2-MARSEILLE,Renater,French NREN
67280,2181,FR-ASNBLOCK,Renater,French NREN
67280,2102,RENATER_ASNBLOCK1,Renater,French NREN
67280,2392,FR-ASNBLOCK2,Renater,French NREN
67280,2073,RENATER_ASNBLOCK1,Renater,French NREN
67280,2176,FR-ASNBLOCK,Renater,French NREN
67280,2236,FR-U-ORLEANS,Renater,French NREN
67280,2059,RENATER_ASNBLOCK1,Renater,French NREN
67280,2078,FR-RENATER,Renater,French NREN
67280,2452,FR-ASNBLOCK2,Renater,French NREN
67280,1718,FR-INRIA-RENNES,Renater,French NREN
67280,1707,FR-RENATER,Renater,French NREN
67280,2264,FR-RESUBIE,Renater,French NREN
67280,2227,FR-ASNBLOCK,Renater,French NREN
67280,2391,FR-ASNBLOCK2,Renater,French NREN
67280,2090,RENATER_ASNBLOCK1,Renater,French NREN
67280,2208,FR-ASNBLOCK,Renater,French NREN
67280,2225,FR-ASNBLOCK,Renater,French NREN
67280,2430,FR-ASNBLOCK2,Renater,French NREN
67280,2079,RENATER_ASNBLOCK1,Renater,French NREN
67280,2406,FR-ASNBLOCK2,Renater,French NREN
67280,2388,FR-ASNBLOCK2,Renater,French NREN
67280,2265,FR-ASNBLOCK,Renater,French NREN
67280,2071,FR-RENATER,Renater,French NREN
67280,2180,FR-ASNBLOCK,Renater,French NREN
67280,2261,FR-ASNBLOCK,Renater,French NREN
67280,2061,FR-RENATER-ASTER-6,Renater,French NREN
67280,2092,RENATER_ASNBLOCK1,Renater,French NREN
67280,1714,,Renater,French NREN
67280,2101,RENATER_ASNBLOCK1,Renater,French NREN
67280,2219,FR-ASNBLOCK,Renater,French NREN
67280,2459,FR-ASNBLOCK2,Renater,French NREN
67280,2267,FR-ASNBLOCK,Renater,French NREN
67280,1944,FR-RENATER-GREPA4-SFR,Renater,French NREN
67280,2413,FR-ASNBLOCK2,Renater,French NREN
67280,2469,FR-DEMO-RENATER,Renater,French NREN
67280,1943,FR-RENATER-RETECOR-1BIS,Renater,French NREN
67280,2458,FR-ASNBLOCK2,Renater,French NREN
67280,2177,FR-ASNBLOCK,Renater,French NREN
67280,2232,FR-ASNBLOCK,Renater,French NREN
67280,2190,FR-ASNBLOCK,Renater,French NREN
67280,2390,FR-ASNBLOCK2,Renater,French NREN
67280,2465,FR-ASNBLOCK2,Renater,French NREN
67280,2461,FR-ASNBLOCK2,Renater,French NREN
67280,2068,RENATER_ASNBLOCK1,Renater,French NREN
67280,2097,RENATER_ASNBLOCK1,Renater,French NREN
67280,2467,FR-INRIA4,Renater,French NREN
67280,2080,RENATER_ASNBLOCK1,Renater,French NREN
67280,2272,FR-ASNBLOCK,Renater,French NREN
67280,1716,FR-RENATER,Renater,French NREN
67280,2405,FR-ASNBLOCK2,Renater,French NREN
67280,294,FRANCE-IP-NET-AS,Renater,French NREN
67280,1941,FR-RENATER-CNRS-DSI-TRELAZE,Renater,French NREN
67280,2474,FR-RENATER-LOTHAIRE-METZ,Renater,French NREN
67280,2205,FR-ASNBLOCK,Renater,French NREN
67280,2231,FR-RENATER-U-PPA-PAU,Renater,French NREN
67280,2396,FR-ASNBLOCK2,Renater,French NREN
67280,1939,FR-RENATER-POLYNESIE,Renater,French NREN
67280,2453,FR-ASNBLOCK2,Renater,French NREN
67280,2191,FR-ASNBLOCK,Renater,French NREN
67280,2416,FR-ASNBLOCK2,Renater,French NREN
67280,2242,FR-ASNBLOCK,Renater,French NREN
67280,1305,FR-CICT-TOULOUSE,Renater,French NREN
67280,2104,RENATER_ASNBLOCK1,Renater,French NREN
67280,2241,FR-ASNBLOCK,Renater,French NREN
67280,2222,FR-RENATER,Renater,French NREN
67280,2400,FR-ASNBLOCK2,Renater,French NREN
67280,2476,FR-IAS-MEDOC,Renater,French NREN
67280,2211,FR-ASNBLOCK,Renater,French NREN
67280,2091,FR-LHCONE-FRANCE,Renater,French NREN
67280,2395,FR-ASNBLOCK2,Renater,French NREN
67280,2409,FR-ASNBLOCK2,Renater,French NREN
67280,2480,FR-LAS-MARSEILLE,Renater,French NREN
67280,2197,FR-ASNBLOCK,Renater,French NREN
67280,2243,FR-U-SCIENCES-NANTES,Renater,French NREN
67280,2058,RENATER_ASNBLOCK1,Renater,French NREN
67280,2429,FR-ASNBLOCK2,Renater,French NREN
67280,2432,FR-ASNBLOCK2,Renater,French NREN
67280,2077,RENATER_ASNBLOCK1,Renater,French NREN
67280,2084,RENATER_ASNBLOCK1,Renater,French NREN
67280,2257,FR-ASNBLOCK,Renater,French NREN
67280,2463,FR-ASNBLOCK2,Renater,French NREN
67280,1948,FR-RENATER-SAPHIR,Renater,French NREN
67280,782,FR-LORIA,Renater,French NREN
67280,2451,FR-ASNBLOCK2,Renater,French NREN
67280,2419,FR-ASNBLOCK2,Renater,French NREN
67280,2422,FR-RENATER-RAP,Renater,French NREN
67280,1711,,Renater,French NREN
67280,2256,FR-ASNBLOCK,Renater,French NREN
67280,2399,FR-ASNBLOCK2,Renater,French NREN
67280,2183,FR-ASNBLOCK,Renater,French NREN
67280,2464,FR-ASNBLOCK2,Renater,French NREN
67280,2082,RENATER_ASNBLOCK1,Renater,French NREN
67280,2421,FR-ASNBLOCK2,Renater,French NREN
67280,2428,FR-ASNBLOCK2,Renater,French NREN
67280,2239,FR-U-REIMS,Renater,French NREN
67280,2247,FR-ASNBLOCK,Renater,French NREN
67280,2268,FR-ASNBLOCK,Renater,French NREN
67280,2258,FR-ASNBLOCK,Renater,French NREN
67280,2189,FR-ASNBLOCK,Renater,French NREN
67280,2447,FR-ASNBLOCK2,Renater,French NREN
67280,1946,,Renater,French NREN
67280,774,FR-INRIA1,Renater,French NREN
67280,2186,FR-ASNBLOCK,Renater,French NREN
67280,2175,FR-ASNBLOCK,Renater,French NREN
67280,1717,FR-RENATER-PROJETS,Renater,French NREN
67280,2407,FR-ASNBLOCK2,Renater,French NREN
67280,2435,FR-ASNBLOCK2,Renater,French NREN
67280,2093,RENATER_ASNBLOCK1,Renater,French NREN
67280,2434,FR-ASNBLOCK2,Renater,French NREN
67280,2224,FR-ASNBLOCK,Renater,French NREN
67280,2070,RENATER_ASNBLOCK1,Renater,French NREN
67280,2228,FR-ASNBLOCK,Renater,French NREN
67280,1721,FR-RENATER,Renater,French NREN
67280,2244,FR-ASNBLOCK,Renater,French NREN
67280,2209,FR-ASNBLOCK,Renater,French NREN
67280,2271,FR-ASNBLOCK,Renater,French NREN
67280,2262,FR-ASNBLOCK,Renater,French NREN
67280,1713,,Renater,French NREN
67280,2194,FR-RENATER-SEQUANET,Renater,French NREN
67280,2475,FR-RENATER-SRHD3,Renater,French NREN
67280,1954,RENATER-ASNBLOCK,Renater,French NREN
67280,2220,FR-ASNBLOCK,Renater,French NREN
67280,2083,RENATER_ASNBLOCK1,Renater,French NREN
67280,2100,FR-INRIA5,Renater,French NREN
67280,2206,FR-ASNBLOCK,Renater,French NREN
67280,2214,FR-ASNBLOCK,Renater,French NREN
67280,778,FR-INRIA-MONTBONNOT,Renater,French NREN
67280,2106,RENATER_ASNBLOCK1,Renater,French NREN
67280,2067,THDOC,Renater,French NREN
67280,2415,FR-ASNBLOCK2,Renater,French NREN
67280,2449,FR-ASNBLOCK2,Renater,French NREN
67280,783,FR-INRIA2,Renater,French NREN
67280,2235,FR-ASNBLOCK,Renater,French NREN
67280,2441,FR-ASNBLOCK2,Renater,French NREN
67280,2273,FR-ASNBLOCK,Renater,French NREN
67280,2397,FR-ASNBLOCK2,Renater,French NREN
67280,2081,RENATER_ASNBLOCK1,Renater,French NREN
67280,2438,FR-INRIA3,Renater,French NREN
67280,2185,FR-ASNBLOCK,Renater,French NREN
67280,2099,RENATER_ASNBLOCK1,Renater,French NREN
67280,2443,FR-ASNBLOCK2,Renater,French NREN
67280,2260,FR-ASNBLOCK,Renater,French NREN
67280,2201,FR-ASNBLOCK,Renater,French NREN
67280,2253,FR-ASNBLOCK,Renater,French NREN
67280,2414,FR-RENATER-LIMOUSIN,Renater,French NREN
67280,2454,FR-ASNBLOCK2,Renater,French NREN
67280,2215,FR-ASNBLOCK,Renater,French NREN
67280,2213,FR-ASNBLOCK,Renater,French NREN
67280,2212,FR-ASNBLOCK,Renater,French NREN
67280,2477,FR-ROYAL,Renater,French NREN
67280,780,FR-ARAMIS,Renater,French NREN
67280,2203,FR-ASNBLOCK,Renater,French NREN
67280,2408,FR-ASNBLOCK2,Renater,French NREN
67280,2074,FR-CRIHAN-ROUEN,Renater,French NREN
67280,261,FR-CINES-MONTPELLIER,Renater,French NREN
67280,1302,FRANCE-ASNBLOCK-AS,Renater,French NREN
67280,2255,FR-ESPCI-PARIS,Renater,French NREN
67280,2086,RENATER_ASNBLOCK1,Renater,French NREN
67280,2431,FR-ASNBLOCK2,Renater,French NREN
67280,2411,FR-ASNBLOCK2,Renater,French NREN
67280,2221,FR-ASNBLOCK,Renater,French NREN
67280,2095,RENATER_ASNBLOCK1,Renater,French NREN
67280,2427,FR-ASNBLOCK2,Renater,French NREN
67280,2410,FR-ASNBLOCK2,Renater,French NREN
67280,1937,FR-CRATERE-2008,Renater,French NREN
67280,779,FR-RENATER,Renater,French NREN
67280,2387,FR-ASNBLOCK2,Renater,French NREN
67280,2270,FR-ASNBLOCK,Renater,French NREN
67280,2196,FR-ASNBLOCK,Renater,French NREN
67280,2249,FR-ASNBLOCK,Renater,French NREN
67280,1719,FR-RENATER-SYNAPSE,Renater,French NREN
67280,2420,FR-ASNBLOCK2,Renater,French NREN
67280,2440,FR-ASNBLOCK2,Renater,French NREN
67280,2105,FR-RENATER-PIR2,Renater,French NREN
67280,2182,FR-ASNBLOCK,Renater,French NREN
67280,2218,FR-ASNBLOCK,Renater,French NREN
847,680,DFN,Verein zur Foerderung eines Deutschen Forschungsnetzes e.V.,German NREN
67280,1275,DFN-BWIN-IP,Verein zur Foerderung eines Deutschen Forschungsnetzes e.V.,German NREN
67280,2124,,DFN-CERT Services GmbH,German NREN
67280,2123,,DFN-CERT Services GmbH,German NREN
5779,20545,GRENA-AS,Georgian Research and Educational Networking Association (GRENA),Georgian NREN
1949,1955,HBONE-AS,KIFU (Governmental Info Tech Development Agency),Hungarian NREN
67280,8512,,KIFU (Governmental Info Tech Development Agency),Hungarian NREN
3998,1213,HEANET,HEAnet,Irish NREN
67280,1774,HEANET-IE,Higher Education Authority Network (HEAnet),Irish NREN
1369,137,ASGARR,Consortium GARR,Italian NREN
67280,5453,ASN-BARI,Consortium GARR,Italian NREN
67280,5447,ASN-LNGS,Consortium GARR,Italian NREN
67280,5449,ASN-TRIESTE,Consortium GARR,Italian NREN
67280,5444,ASN-PISA,Consortium GARR,Italian NREN
67280,5440,ASN-GARRINT,Consortium GARR,Italian NREN
67280,5442,ASN-CILEA,Consortium GARR,Italian NREN
67280,5452,ASN-ER,Consortium GARR,Italian NREN
67280,5457,ASN-FIRENZE,Consortium GARR,Italian NREN
67280,5448,ASN-INFNMI,Consortium GARR,Italian NREN
67280,5450,ASN-BARI,Consortium GARR,Italian NREN
67280,5455,ASN-UNITO,Consortium GARR,Italian NREN
67280,5446,ASN-FRASCATI,Consortium GARR,Italian NREN
67280,5451,ASN-NAPOLI,Consortium GARR,Italian NREN
67280,5445,ASN-ROMA,Consortium GARR,Italian NREN
67280,5443,ASN-CINECA-GARR,Consortium GARR,Italian NREN
67280,5456,ASN-POLITO,Consortium GARR,Italian NREN
67280,5454,ASN-PALERMO,Consortium GARR,Italian NREN
67280,5441,ASN-CNAF,Consortium GARR,Italian NREN
3642,5538,SigmaNet-NIC,Institute of Mathematics and Computer Science of University of Latvia,Latvian NREN
3107,2847,LITNET,Kauno Technologijos Universitetas,Lithuanian NREN
6641,2602,RESTENA,Fondation RESTENA,Luxembourg NREN
59138,51966,RESTENA-ANYCAST-AS,Fondation RESTENA,Luxembourg NREN
7716,44224,MARnet,Macedonian Academic Research Network Skopje,Macedonian NREN
18141,9199,RENAM,RENAM Public Association,Moldovian NREN
742,22335,MREN,Metropolitan Research and Education Network,Montenegro NREN
170,196844,PIONIER-AS-ams-ix,"Institute of Bioorganic Chemistry Polish Academy of Science, Poznan Supercomputing and Networking Center",Polish NREN
276,13293,PIONIER-AS-COM,"Institute of Bioorganic Chemistry Polish Academy of Science, Poznan Supercomputing and Networking Center",Polish NREN
518,8501,PIONIER-AS,"Institute of Bioorganic Chemistry Polish Academy of Science, Poznan Supercomputing and Networking Center",Polish NREN
1450,35628,PIONIER-AS-TP,"Institute of Bioorganic Chemistry Polish Academy of Science, Poznan Supercomputing and Networking Center",Polish NREN
1197,2614,RoEduNet,Agentia de Administrare a Retelei Nationale de Informatica pentru Educatie si Cercetare,Romanian NREN
94,3267,RUNNET,The federal state autonomous educational establishment of additional professional education Center of Realization of State Educational Policy and Informational Technologies,Russian NREN
24812,198444,NOVSU-RUNNET,"The State Educational Institution of Higher Vocational Education ""Yaroslav-the-Wise Novgorod State University""",Russian NREN
32559,198685,ISPU-RUNNET,"The State Educational Institution of Higher Vocational Education ""Ivanovo State Power University""",Russian NREN
36319,3343,RUNNET-AS,The federal state autonomous educational establishment of additional professional education Center of Realization of State Educational Policy and Informational Technologies,Russian NREN
4937,13092,UB-AS,Akademska mreza Republike Srbije - AMRES,Serbian NREN
2716,2107,ARNES-NET,ARNES,Slovenian NREN
59138,51988,ARNES-SIX,ARNES,Slovenian NREN
393,2607,SANET,Zdruzenie pouzivatelov Slovenskej akademickej datovej siete,Slovakian NREN
1146,766,RedIRIS,Entidad Publica Empresarial Red.es,Spanish NREN
1064,559,SWITCH,SWITCH,Swiss NREN
67280,60467,SWITCH-CERT,SWITCH,Swiss NREN
67280,696,SWITCH-TEST2,SWITCH,Swiss NREN
67280,695,SWITCH-TEST1,SWITCH,Swiss NREN
1410,12687,URAN,"Association of users of Ukrainian Research & Academic Network ""URAN""",Ukrainian NREN
6333,205656,URAN-Odessa,"Association of users of Ukrainian Research & Academic Network ""URAN""",Ukrainian NREN
7724,6699,URAN-AS,Institute of Mathematic and Mechanic of Ural Department of Russian Science Academy,Ukrainian NREN
767,786,JANET,Jisc Services Limited,United Kingdom NREN
9980,133084,JANET-AP,Jisc Collections and Janet Limited,United Kingdom NREN
67280,2868,,Jisc Services Limited,United Kingdom NREN
67280,2867,,Jisc Services Limited,United Kingdom NREN
67280,3157,,Jisc Services Limited,United Kingdom NREN
67280,3159,,Jisc Services Limited,United Kingdom NREN
67280,3156,,Jisc Services Limited,United Kingdom NREN
67280,3155,,Jisc Services Limited,United Kingdom NREN
67280,8548,AS8548,Jisc Services Limited,United Kingdom NREN
67280,3172,,Jisc Services Limited,United Kingdom NREN
67280,2866,,Jisc Services Limited,United Kingdom NREN
67280,3154,,Jisc Services Limited,United Kingdom NREN
67280,3158,,Jisc Services Limited,United Kingdom NREN
67280,2608,,Jisc Services Limited,United Kingdom NREN
67280,2869,,Jisc Services Limited,United Kingdom NREN
67280,2870,,Jisc Services Limited,United Kingdom NREN
164,2603,NORDUNET,NORDUnet,Nordic NREN
2270,1741,FUNETAS,CSC - Tieteen tietotekniikan keskus Oy,Finnish NREN
4939,15474,RHNET,Rannsokna- og haskolanet Islands hf.,Icelandic NREN
936,1653,SUNET,SUNET Swedish University Network,Swedish NREN
3457,224,UNINETT,UNINETT AS,Norwegian NREN
49,11537,ABILENE,Internet2,United States NREN
66,11164,INTERNET2-TRANSITRAIL-CPS,Internet2,United States NREN
2470,396450,INTERNET2-2,Internet2,United States NREN
13780,22944,KCTCS-INTERNET2,Kentucky Community and Technical College System,United States NREN
24812,13436,INTERNET2-CONF,Internet2,United States NREN
29260,396961,INTERNET2-OSG,Internet2,United States NREN
67280,396955,INTERNET2-BLEND,Internet2,United States NREN
67280,25887,SLIAC,St Louis Internet2 Access Consortium LLC,United States NREN
67280,55038,INTERNET2-CLOUD,Internet2,United States NREN
962,293,ESNET,ESnet,United States NREN
10360,291,ESNET-EAST,ESnet,United States NREN
10435,292,ESNET-WEST,ESnet,United States NREN
11273,3428,ESNET-AS,ESnet,United States NREN
28468,3445,ESNET-AS,ESnet,United States NREN
36319,3431,ESNET-AS,ESnet,United States NREN
48821,3443,ESNET-AS,ESnet,United States NREN
59138,3425,ESNET-AS,ESnet,United States NREN
59138,3432,ESNET-AS,ESnet,United States NREN
67280,3440,ESNET-AS,ESnet,United States NREN
67280,3442,ESNET-AS,ESnet,United States NREN
67280,3436,ESNET-AS,ESnet,United States NREN
67280,3427,ESNET-AS,ESnet,United States NREN
67280,3438,ESNET-AS,ESnet,United States NREN
67280,3437,ESNET-AS,ESnet,United States NREN
67280,3444,ESNET-AS,ESnet,United States NREN
67280,3441,ESNET-AS,ESnet,United States NREN
67280,3429,ESNET-AS,ESnet,United States NREN
67280,3439,ESNET-AS,ESnet,United States NREN
67280,3426,ESNET-AS,ESnet,United States NREN
67280,3434,ESNET-AS,ESnet,United States NREN
67280,3433,ESNET-AS,ESnet,United States NREN
67280,3430,ESNET-AS,ESnet,United States NREN
67280,3435,ESNET-AS,ESnet,United States NREN
67280,11422,CALREN-2,CENIC,United States NREN
67280,11423,CALREN-2,CENIC,United States NREN
834,6325,ILLINOIS-CENTURY,Illinois Century Network,United States NREN
795,237,MERIT-AS-14,Merit Network Inc.,United States NREN
3586,2882,MERIT-AS-26,Merit Network Inc.,United States NREN
36319,231,MERIT-AS-8,Merit Network Inc.,United States NREN
36319,229,MERIT-AS-6,Merit Network Inc.,United States NREN
67280,232,MERIT-AS-9,Merit Network Inc.,United States NREN
67280,2883,MERIT-AS-27,Merit Network Inc.,United States NREN
67280,754,MERIT-AS-20,Merit Network Inc.,United States NREN
67280,689,MERIT-AS-26,Merit Network Inc.,United States NREN
67280,183,MERIT-AS-3,Merit Network Inc.,United States NREN
67280,2885,MERIT-AS-28,Merit Network Inc.,United States NREN
67280,758,MERIT-AS-24,Merit Network Inc.,United States NREN
67280,182,MERIT-AS-2,Merit Network Inc.,United States NREN
67280,757,MERIT-AS-23,Merit Network Inc.,United States NREN
67280,4553,MERIT-AS-29,Merit Network Inc.,United States NREN
67280,750,MERIT-AS-16,Merit Network Inc.,United States NREN
67280,755,MERIT-AS-21,Merit Network Inc.,United States NREN
67280,235,MERIT-AS-12,Merit Network Inc.,United States NREN
67280,184,MERIT-AS-4,Merit Network Inc.,United States NREN
67280,236,MERIT-AS-13,Merit Network Inc.,United States NREN
67280,756,MERIT-AS-22,Merit Network Inc.,United States NREN
67280,752,MERIT-AS-18,Merit Network Inc.,United States NREN
67280,233,MERIT-AS-10,Merit Network Inc.,United States NREN
67280,230,MERIT-AS-7,Merit Network Inc.,United States NREN
67280,690,MERIT-AS-27,Merit Network Inc.,United States NREN
67280,751,MERIT-AS-17,Merit Network Inc.,United States NREN
67280,238,MERIT-AS-15,Merit Network Inc.,United States NREN
67280,14924,NAP-PAIX-VA1,Merit Network Inc.,United States NREN
67280,759,MERIT-AS-25,Merit Network Inc.,United States NREN
67280,753,MERIT-AS-19,Merit Network Inc.,United States NREN
67280,181,MERIT-AS-1,Merit Network Inc.,United States NREN
67280,185,MERIT-AS-5,Merit Network Inc.,United States NREN
646,3754,NYSERNET3-AS,NYSERNet,United States NREN
4054,3755,NYSERNET3-AS,NYSERNet,United States NREN
21869,3756,NYSERNET3-AS,NYSERNet,United States NREN
48821,3630,NYSERNET-BLK,NYSERNet,United States NREN
67280,3629,NYSERNET-BLK,NYSERNet,United States NREN
67280,3628,NYSERNET-BLK,NYSERNet,United States NREN
553,600,OARNET-AS,OARnet,United States NREN
745,3112,OARNET-AS-1,OARnet,United States NREN
27320,13501,OARNET-AS-2,OARnet,United States NREN
1650,14325,OSHEAN,"OSHEAN, Inc.",United States NREN
850,6509,CANARIE-NTN,Canarie Inc,Canadian NREN
9920,53904,CANARIE-INC,Canarie Inc,Canadian NREN
818,15296,CYBERA,Cybera Inc,Canadian NREN
15658,22820,CYBERA,"Cybera, Inc.",Canadian NREN
1374,376,RISQ-AS,Reseau d'informations scientifiques du Quebec (RISQ),Canadian NREN
67280,851,RISQ-QIX,Reseau d'Informations Scientifiques du Quebec (RISQ) Inc.,Canadian NREN
67280,5747,ASN-RISQ-QIX,Reseau d'Informations Scientifiques du Quebec (RISQ) Inc.,Canadian NREN
67280,33107,EMSB-RISQ,English Montreal School Board,Canadian NREN
5044,26806,SRNET-SASKATCHEWAN-RESEARCH-NETWORK,SRNet Saskatchewan Research Network Inc.,Canadian NREN
67280,394995,SRNET-SASKATCHEWAN-RESEARCH-NETWORK-INC,SRNet Saskatchewan Research Network Inc.,Canadian NREN
59138,52250,,Ag para el Desarrollo de la Sociedad de la Inf en Bolivia - ADSIB,Bolivian NREN
3309,27817,,Red Nacional Académica de Tecnología Avanzada - RENATA,Colombian NREN
2606,61468,,CEDIA,Ecuadorian NREN
67280,27841,,CEDIA,Ecuadorian NREN
586,9885,NKN-INTERNET-GW,National Knowledge Network,Indian NREN
609,55824,NKN-CORE-NW,National Knowledge Network,Indian NREN
18562,55847,NKN-EDGE-NW,National Knowledge Network,Indian NREN
8960,45170,NREN-AS-NP,Nepal R&E Network,Nepalese NREN
1306,7660,APAN-JP,Asia Pacific Advanced Network - Japan,Japanese NREN
388,7575,AARNET-AS-AP,AARNet,Australian NREN
6705,24437,UWA-AS-AP,AARNet,Australian NREN
10536,7573,UTAS,AARNet,Australian NREN
10538,23859,UNSW-AS-AP,AARNet,Australian NREN
10995,24436,UQ-AS-AP,AARNet,Australian NREN
11477,24433,CQU-AS-AP,AARNet,Australian NREN
11568,23719,USYD-AS-AP,AARNet,Australian NREN
11568,24434,JCU-AS-AP,AARNet,Australian NREN
12078,24101,UNE-AS-AP,AARNet,Australian NREN
12078,24390,USP-AS-AP,AARNet,Australian NREN
25879,132728,ALFREDHEALTH-AS-AP,AARNet,Australian NREN
29763,7570,AARNET-NSW-RNO,AARNet,Australian NREN
67280,7569,AARNET-VIC-RNO,AARNet,Australian NREN
67280,4738,AARNET-TEST-AS-AP,AARNet,Australian NREN
67280,18062,GRANGENET-AS-AP,AARNet,Australian NREN
67280,38545,UNSW-ASIA-AS-AP,AARNet,Australian NREN
67280,24464,ANU-AS-AP,AARNet,Australian NREN
67280,24431,QUT-AS-AP,AARNet,Australian NREN
67280,7574,AARNET-NT-RNO,AARNet,Australian NREN
67280,7572,AARNET-ACT-RNO,AARNet,Australian NREN
67280,23654,AARNET-ADL-OFF-AS-AP,AARNet,Australian NREN
67280,7571,AARNET-WA-RNO,AARNet,Australian NREN
67280,17965,CSTNET,CHINA SCIENCE AND TECHNOLOGY NETWORK,Chinese NREN
1063,4538,ERX-CERNET-BKB,China Education and Research Network Center,Chinese NREN
2574,4267,CERNET-ASN-BLOCK,California Education and Research Federation Network,Chinese NREN
3702,4263,CERNET-ASN-BLOCK,California Education and Research Federation Network,Chinese NREN
4129,4264,CERNET-ASN-BLOCK,California Education and Research Federation Network,Chinese NREN
4895,38587,CERNET-IDC-AP,CERNET Internet Data Center,Chinese NREN
6455,133111,CNT-northChina,"CERNET New Technology Co., Ltd",Chinese NREN
6908,138371,CNGI-QDA-IX-AS-AP,China Education and Research Network (CERNET),Chinese NREN
10117,24364,CNGI-SH-IX-AS-AP,CERNET2 IX at Shanghai Jiaotong University,Chinese NREN
13859,132552,CERNET-TERNET-AS,Tianjin Municipal Education and Research Network,Chinese NREN
17199,23910,CNGI-CERNET2-AS-AP,China Next Generation Internet CERNET2,Chinese NREN
18626,24355,CNGI-CD-IX-AS-AP,CERNET2 IX at University of Electronic Science and Technology of China,Chinese NREN
44945,24348,CNGI-BJ-IX2-AS-AP,CERNET2 IX at Tsinghua University,Chinese NREN
48821,24357,CNGI-GZ-IX-AS-AP,CERNET2 IX at South China University of Technology,Chinese NREN
59138,24362,CNGI-HEF-IX-AS-AP,CERNET2 IX at University of Science and Technology of China,Chinese NREN
59138,24363,CNGI-JNN-IX-AS-AP,CERNET2 IX at Shandong University,Chinese NREN
59138,24361,CNGI-NJ-IX-AS-AP,CERNET2 IX at Southeast University,Chinese NREN
59138,24302,CRIS-CERNET-AS,China Education and Research Network (CERNET),Chinese NREN
66935,138378,CNGI-KMN-IX-AS-AP,China Education and Research Network (CERNET),Chinese NREN
66935,24349,CNGI-BJ-IX3-AS-AP,CERNET2 IX at Peking University,Chinese NREN
66935,24350,CNGI-BJ-IX4-AS-AP,CERNET2 IX at Beijing University of Posts and Telecommunications,Chinese NREN
66935,138369,CNGI-SJZ-IX-AS-AP,China Education and Research Network (CERNET),Chinese NREN
66935,24371,CNGI-CHC-IX-AS-AP,CERNET2 IX at Jilin University,Chinese NREN
66935,24369,CNGI-SY-IX-AS-AP,CERNET2 IX at Northeast University,Chinese NREN
66935,24353,CNGI-XA-IX-AS-AP,CERNET2 IX at Xi'an Jiaotong University,Chinese NREN
66935,24358,CNGI-WH-IX-AS-AP,CERNET2 IX at Huazhong University of Science and Technology,Chinese NREN
66935,24352,CNGI-TJN-IX-AS-AP,CERNET2 IX at Tianjin University,Chinese NREN
67280,133518,CERNEWTECH-WUHAN,"CERNET New Technology Co., Ltd",Chinese NREN
67280,133519,CERNEWTECH-HANGZHOU,"CERNET New Technology Co., Ltd",Chinese NREN
67280,24359,CNGI-CHS-IX-AS-AP,CERNET2 IX at Central South University,Chinese NREN
67280,59201,CERNET-PKU-AS,Peking University,Chinese NREN
67280,135503,CNT-Northeast,"CERNET New Technology Co., Ltd",Chinese NREN
67280,135507,CNT-eastChina,"CERNET New Technology Co., Ltd",Chinese NREN
67280,135502,CNT-Northeast,"CERNET New Technology Co., Ltd",Chinese NREN
67280,138375,CNGI-HHT-IX-AS-AP,China Education and Research Network (CERNET),Chinese NREN
67280,133511,CERNEWTECH-SHENZHEN,"CERNET New Technology Co., Ltd",Chinese NREN
67280,24360,CNGI-ZHZ-IX-AS-AP,CERNET2 IX at Zhengzhou University,Chinese NREN
67280,138442,CNGI-LSA-IX-AS-AP,China Education and Research Network (CERNET),Chinese NREN
67280,138373,CNGI-FZH-IX-AS-AP,China Education and Research Network (CERNET),Chinese NREN
67280,38585,CUTE-CERNET-AS-AP,China University Internet Test Environment Project (CUTE),Chinese NREN
67280,131490,CERT-Cor,CERNET Corporation,Chinese NREN
67280,18011,CERNET-3TN-AS-AP,CERNET 863 3TNET Terabit Regional Network (CERNET-3TN),Chinese NREN
67280,24366,CNGI-SH-IX3-AS-AP,CERNET2 IX at Tongji University,Chinese NREN
67280,45576,CERNET2-TSINGHUA6-AS-AP,Tsinghua University,Chinese NREN
67280,138377,CNGI-XNN-IX-AS-AP,China Education and Research Network (CERNET),Chinese NREN
67280,138440,CNGI-HAK-IX-AS-AP,China Education and Research Network (CERNET),Chinese NREN
67280,133516,CERNEWTECH-SHENYANG,"CERNET New Technology Co., Ltd",Chinese NREN
67280,24367,CNGI-HZH-IX-AS-AP,CERNET2 IX at Zhejiang University,Chinese NREN
67280,133513,CERNEWTECH-CHENGDU,"CERNET New Technology Co., Ltd",Chinese NREN
67280,24372,CNGI-HRB-IX-AS-AP,CERNET2 IX at Harbin Institute of Technology,Chinese NREN
67280,9403,ISTIC-CN-AS,NAP2 at CERNET located in Shanghai,Chinese NREN
67280,135505,CNT-southChina,"CERNET New Technology Co., Ltd",Chinese NREN
67280,138370,CNGI-NCH-IX-AS-AP,China Education and Research Network (CERNET),Chinese NREN
67280,133512,CERNEWTECH-ZHENGZHOU,"CERNET New Technology Co., Ltd",Chinese NREN
67280,135504,CNT-Southeast,"CERNET New Technology Co., Ltd",Chinese NREN
67280,138381,CNGI-GYN-IX-AS-AP,China Education and Research Network (CERNET),Chinese NREN
67280,45567,CERNET2-SCUT6-AS-AP,SCUT IPv6 Campus Network,Chinese NREN
67280,4843,CAINONET-CN-AS-AP,NAP2 at CERNET located in Shanghai,Chinese NREN
67280,4839,CERNAP2-CN,NAP2 at CERNET located in Shanghai,Chinese NREN
67280,138441,CNGI-WLQ-IX-AS-AP,China Education and Research Network (CERNET),Chinese NREN
67280,135508,CNT-southChina2,"CERNET New Technology Co., Ltd",Chinese NREN
67280,133515,CERNEWTECH-XIAN,"CERNET New Technology Co., Ltd",Chinese NREN
67280,138393,CNGI-NAN-IX-AS-AP,China Education and Research Network (CERNET),Chinese NREN
67280,138182,CNGI-SZH-IX-AS-AP,CERNET2 regional IX at Shenzhen University,Chinese NREN
67280,55826,CERNET2-TJU6-AS-AP,Tianjin University IPv6 Campus Network,Chinese NREN
67280,133508,CERNEWTECH-BEIJING,"CERNET New Technology Co., Ltd",Chinese NREN
67280,138438,CNGI-GLN-IX-AS-AP,China Education and Research Network (CERNET),Chinese NREN
67280,135501,CNT-northChina,"CERNET New Technology Co., Ltd",Chinese NREN
67280,132886,CERNET-LCU-AS,Liaocheng University,Chinese NREN
67280,24351,CNGI-BJ-IX5-AS-AP,CERNET2 IX at Beijing University of Aeronautics and Astronautics,Chinese NREN
67280,24370,CNGI-DLN-IX-AS-AP,CERNET2 IX at Dalian University of Technology,Chinese NREN
67280,135506,CNT-centralChina,"CERNET New Technology Co., Ltd",Chinese NREN
67280,24365,CNGI-SH-IX2-AS-AP,CERNET2 IX at Fudan University,Chinese NREN
67280,138374,CNGI-TYN-IX-AS-AP,China Education and Research Network (CERNET),Chinese NREN
67280,135570,CERNET2-SGECN-AS-AP,Space-ground Experimental Communication Network,Chinese NREN
67280,133514,CERNEWTECH-GUANGZHOU,"CERNET New Technology Co., Ltd",Chinese NREN
67280,133517,CERNEWTECH-NANJING,"CERNET New Technology Co., Ltd",Chinese NREN
67280,24368,CNGI-XMN-IX-AS-AP,CERNET2 IX at Xiamen University,Chinese NREN
67280,4840,CERNAP3-CN,NAP2 at CERNET located in Shanghai,Chinese NREN
67280,138376,CNGI-YCH-IX-AS-AP,China Education and Research Network (CERNET),Chinese NREN
67280,24354,CNGI-LZH-IX-AS-AP,CERNET2 IX at Lanzhou University,Chinese NREN
67280,24356,CNGI-CHQ-IX-AS-AP,CERNET2 IX at Chongqing University,Chinese NREN
67280,132551,CERNET2-BUPT-CINE-AS,China Innovate Network Environment (CINE),Chinese NREN
891,1237,KREONET-AS-KR,KISTI,Korean NREN
915,17579,KREONET2-AS-KR,KISTI,Korean NREN
603,64302,IDNIC-IDREN-AS-ID,IDREN - Indonesia Research and Education Network,Indonesian NREN
2330,138826,IDNIC-IDREN-AS-ID,IDREN - Indonesia Research and Education Network,Indonesian NREN
874,38022,REANNZ-NZ-AP,REANNZ Education and Schools,New Zealand NREN
43642,45131,REANNZ-OFFICE,REANNZ Education and Schools,New Zealand NREN
45678,55746,WITT-AS-AP,REANNZ Education and Schools,New Zealand NREN
48821,38299,REANNZ-CORP-NZ-AP,REANNZ Education and Schools,New Zealand NREN
48821,55747,SIT-AS-AP,REANNZ Education and Schools,New Zealand NREN
53057,38827,REANNZ-KRISTIN-NZ-AP,REANNZ Education and Schools,New Zealand NREN
67280,38492,REANNZ-ENDACE-NZ-AP,REANNZ Education and Schools,New Zealand NREN
67280,38018,REANNZ-INT-NZ-AP,REANNZ Education and Schools,New Zealand NREN
67280,38711,REANNZ-EDUCATION-NZ-AP,REANNZ Education and Schools,New Zealand NREN
67280,45135,SNAP-REANNZ-AS-AP,Two Degrees Mobile Limited,New Zealand NREN
67280,38300,REANNZ-RD-NZ-AP,REANNZ Education and Schools,New Zealand NREN
2457,7539,TWAREN-TW,National Applied Research Laboratories,Taiwanese NREN
67280,18414,TWAREN-AS-TW,National Center for High-performance Computing,Taiwanese NREN
19332,24489,TEIN2-NORTH-AP,Trans-Eurasia Information Network (TEIN2) - North,Trans-Eurasia Chinese NREN
24091,24490,TEIN2-SG-AP,Trans-Eurasia Information Network (TEIN2) - SG,Trans-Eurasia Chinese NREN
52129,24287,TEIN2-JP,National Institute of Informatics,Trans-Eurasia Japanese NREN
6390,378,MACHBA-AS,IUCC - Israel InterUniversity Computation Center,Israeli NREN
20233,41419,KAZRENA-AS,KazRENA,Kazakhstani NREN
15576,31492,UZSCI-AS,UZSCINET,Uzbekistan NREN
1233,36944,UBUNTU-UNICAST-AS,Ubuntunet Alliance For Research and Education Networking,East and Southern Africa South African NREN
67280,37608,iRENALA-AS,iRENALA,Malagasy NREN
4894,36914,KENET-AS,Kenya Education Network,Kenyan NREN
10892,37197,SUDREN,Sudanese Research and Education Network,Sudanese NREN
3028,2018,TENET-1,TENET (The UNINET Project),South African NREN
67280,1228,UNINET-ASNBLOCK,TENET (The UNINET Project),South African NREN
67280,1232,UNINET-ASNBLOCK,TENET (The UNINET Project),South African NREN
67280,6149,TENET-2,TENET (The UNINET Project),South African NREN
67280,1231,UNINET-ASNBLOCK,TENET (The UNINET Project),South African NREN
67280,1230,UNINET-ASNBLOCK,TENET (The UNINET Project),South African NREN
67280,1229,UNINET-ASNBLOCK,TENET (The UNINET Project),South African NREN
29044,37513,Polytechnic-NA,Namibia University of Science and Technology,Namibian NREN
32559,327764,SomaliREN,Somali Research & Education Network(SomaliREN),Somali NREN
67280,328363,SOIXP-Management-AS,Somali Research & Education Network(SomaliREN),Somali NREN
67280,37781,SOIXP-PEERING-AS,Somali Research & Education Network(SomaliREN),Somali NREN
1875,37288,WACREN,West and Central African Research Network,West and Central Africa Senegalese NREN